?????style,,,,,,,,,,,,,,,,,,,,,,,,,,,,,,,,,,,,,,,
16,402,116580,65535,,,,,,,,,,,,,,,,,,,,,,,,,,,,,,,,,,,,
Seq, Enabled, Servo time, Wait time, 1:Angle, 2:Angle, 3:Angle, 4:Angle, 5:Angle, 6:Angle, 7:Angle, 8:Angle, 9:Angle, 10:Angle, 11:Angle, 12:Angle, 13:Angle, 14:Angle, 15:Angle, 16:Angle, 1:LED, 2:LED, 3:LED, 4:LED, 5:LED, 6:LED, 7:LED, 8:LED, 9:LED, 10:LED, 11:LED, 12:LED, 13:LED, 14:LED, 15:LED, 16:LED, Head LED, MP3 folder, MP3 file, MP3 volume
0,1,220,220,45,118,174,109,58,66,120,69,161,125,120,120,171,78,115,120,0,0,0,0,0,0,0,0,0,0,0,0,0,0,0,0,0,255,255,255
1,1,220,220,92,118,174,108,58,65,120,69,161,125,120,120,171,76,115,120,0,0,0,0,0,0,0,0,0,0,0,0,0,0,0,0,0,255,255,255
2,1,220,240,45,118,174,109,58,66,120,69,161,125,120,120,171,78,115,120,0,0,0,0,0,0,0,0,0,0,0,0,0,0,0,0,0,255,255,255
3,1,220,220,92,118,174,108,58,65,120,69,161,125,120,120,171,76,115,120,0,0,0,0,0,0,0,0,0,0,0,0,0,0,0,0,0,255,255,255
4,1,220,240,58,153,191,191,12,40,118,58,114,153,123,90,191,123,97,83,0,0,0,0,0,0,0,0,0,0,0,0,0,0,0,0,0,255,255,255
5,1,220,240,78,153,191,161,12,40,118,43,103,151,120,89,186,116,100,92,0,0,0,0,0,0,0,0,0,0,0,0,0,0,0,0,0,255,255,255
6,1,220,240,58,153,191,191,12,40,118,58,114,153,123,90,191,123,97,83,0,0,0,0,0,0,0,0,0,0,0,0,0,0,0,0,0,255,255,255
7,1,220,240,78,153,191,161,12,40,118,43,103,151,120,89,186,116,100,92,0,0,0,0,0,0,0,0,0,0,0,0,0,0,0,0,0,255,255,255
8,1,220,240,62,148,206,173,2,35,152,58,135,140,158,126,184,117,97,122,0,0,0,0,0,0,0,0,0,0,0,0,0,0,0,0,0,255,255,255
9,1,220,240,81,148,199,161,2,45,149,63,132,141,151,125,192,139,85,120,0,0,0,0,0,0,0,0,0,0,0,0,0,0,0,0,0,255,255,255
10,1,220,220,62,148,206,173,2,35,152,58,135,140,158,126,184,117,97,122,0,0,0,0,0,0,0,0,0,0,0,0,0,0,0,0,0,255,255,255
11,1,220,240,81,148,199,161,2,45,149,63,132,141,151,125,192,139,85,120,0,0,0,0,0,0,0,0,0,0,0,0,0,0,0,0,0,255,255,255
12,1,220,240,58,153,191,191,12,40,118,58,114,153,123,90,191,123,97,83,0,0,0,0,0,0,0,0,0,0,0,0,0,0,0,0,0,255,255,255
13,1,220,240,78,153,191,161,12,40,118,43,103,151,120,89,186,116,100,92,0,0,0,0,0,0,0,0,0,0,0,0,0,0,0,0,0,255,255,255
14,1,220,240,62,148,206,173,2,35,152,58,135,140,158,126,184,117,97,122,0,0,0,0,0,0,0,0,0,0,0,0,0,0,0,0,0,255,255,255
15,1,220,240,81,148,199,161,2,45,149,63,132,141,151,125,192,139,85,120,0,0,0,0,0,0,0,0,0,0,0,0,0,0,0,0,0,255,255,255
16,1,220,240,62,148,206,173,2,35,152,58,135,140,158,126,184,117,97,122,0,0,0,0,0,0,0,0,0,0,0,0,0,0,0,0,0,255,255,255
17,1,220,240,81,148,199,161,2,45,149,63,132,141,151,125,192,139,85,120,0,0,0,0,0,0,0,0,0,0,0,0,0,0,0,0,0,255,255,255
18,1,220,240,58,153,191,191,12,40,118,58,114,153,123,90,191,123,97,83,0,0,0,0,0,0,0,0,0,0,0,0,0,0,0,0,0,255,255,255
19,1,220,240,78,153,191,161,12,40,118,43,103,151,120,89,186,116,100,92,0,0,0,0,0,0,0,0,0,0,0,0,0,0,0,0,0,255,255,255
20,1,220,220,58,153,191,191,12,40,118,58,114,153,123,90,191,123,97,83,0,0,0,0,0,0,0,0,0,0,0,0,0,0,0,0,0,255,255,255
21,1,220,240,78,153,191,161,12,40,118,43,103,151,120,89,186,116,100,92,0,0,0,0,0,0,0,0,0,0,0,0,0,0,0,0,0,255,255,255
22,1,220,240,62,148,206,173,2,35,152,58,135,140,158,126,184,117,97,122,0,0,0,0,0,0,0,0,0,0,0,0,0,0,0,0,0,255,255,255
23,1,220,240,81,148,199,161,2,45,149,63,132,141,151,125,192,139,85,120,0,0,0,0,0,0,0,0,0,0,0,0,0,0,0,0,0,255,255,255
24,1,220,240,62,148,206,173,2,35,152,58,135,140,158,126,184,117,97,122,0,0,0,0,0,0,0,0,0,0,0,0,0,0,0,0,0,255,255,255
25,1,220,240,81,148,199,161,2,45,149,63,132,141,151,125,192,139,85,120,0,0,0,0,0,0,0,0,0,0,0,0,0,0,0,0,0,255,255,255
26,1,220,240,58,153,191,191,12,40,118,58,114,153,123,90,191,123,97,83,0,0,0,0,0,0,0,0,0,0,0,0,0,0,0,0,0,255,255,255
27,1,220,240,78,153,191,161,12,40,118,43,103,151,120,89,186,116,100,92,0,0,0,0,0,0,0,0,0,0,0,0,0,0,0,0,0,255,255,255
28,1,220,240,62,148,206,173,2,35,152,58,135,140,158,126,184,117,97,122,0,0,0,0,0,0,0,0,0,0,0,0,0,0,0,0,0,255,255,255
29,1,220,240,81,148,199,161,2,45,149,63,132,141,151,125,192,139,85,120,0,0,0,0,0,0,0,0,0,0,0,0,0,0,0,0,0,255,255,255
30,1,220,220,62,148,206,173,2,35,152,58,135,140,158,126,184,117,97,122,0,0,0,0,0,0,0,0,0,0,0,0,0,0,0,0,0,255,255,255
31,1,220,240,81,148,199,161,2,45,149,63,132,141,151,125,192,139,85,120,0,0,0,0,0,0,0,0,0,0,0,0,0,0,0,0,0,255,255,255
32,1,220,240,58,153,191,191,12,40,118,58,114,153,123,90,191,123,97,83,0,0,0,0,0,0,0,0,0,0,0,0,0,0,0,0,0,255,255,255
33,1,220,240,78,153,191,161,12,40,118,43,103,151,120,89,186,116,100,92,0,0,0,0,0,0,0,0,0,0,0,0,0,0,0,0,0,255,255,255
34,1,220,240,58,153,191,191,12,40,118,58,114,153,123,90,191,123,97,83,0,0,0,0,0,0,0,0,0,0,0,0,0,0,0,0,0,255,255,255
35,1,220,240,78,153,191,161,12,40,118,43,103,151,120,89,186,116,100,92,0,0,0,0,0,0,0,0,0,0,0,0,0,0,0,0,0,255,255,255
36,1,220,240,62,148,206,173,2,35,152,58,135,140,158,126,184,117,97,122,0,0,0,0,0,0,0,0,0,0,0,0,0,0,0,0,0,255,255,255
37,1,220,240,81,148,199,161,2,45,149,63,132,141,151,125,192,139,85,120,0,0,0,0,0,0,0,0,0,0,0,0,0,0,0,0,0,255,255,255
38,1,220,240,62,148,206,173,2,35,152,58,135,140,158,126,184,117,97,122,0,0,0,0,0,0,0,0,0,0,0,0,0,0,0,0,0,255,255,255
39,1,220,240,81,148,199,161,2,45,149,63,132,141,151,125,192,139,85,120,0,0,0,0,0,0,0,0,0,0,0,0,0,0,0,0,0,255,255,255
40,1,220,220,58,153,191,191,12,40,118,58,114,153,123,90,191,123,97,83,0,0,0,0,0,0,0,0,0,0,0,0,0,0,0,0,0,255,255,255
41,1,220,240,78,153,191,161,12,40,118,43,103,151,120,89,186,116,100,92,0,0,0,0,0,0,0,0,0,0,0,0,0,0,0,0,0,255,255,255
42,1,220,240,62,148,206,173,2,35,152,58,135,140,158,126,184,117,97,122,0,0,0,0,0,0,0,0,0,0,0,0,0,0,0,0,0,255,255,255
43,1,220,240,81,148,199,161,2,45,149,63,132,141,151,125,192,139,85,120,0,0,0,0,0,0,0,0,0,0,0,0,0,0,0,0,0,255,255,255
44,1,220,240,62,148,206,173,2,35,152,58,135,140,158,126,184,117,97,122,0,0,0,0,0,0,0,0,0,0,0,0,0,0,0,0,0,255,255,255
45,1,220,240,81,148,199,161,2,45,149,63,132,141,151,125,192,139,85,120,0,0,0,0,0,0,0,0,0,0,0,0,0,0,0,0,0,255,255,255
46,1,220,240,58,153,191,191,12,40,118,58,114,153,123,90,191,123,97,83,0,0,0,0,0,0,0,0,0,0,0,0,0,0,0,0,0,255,255,255
47,1,220,240,78,153,191,161,12,40,118,43,103,151,120,89,186,116,100,92,0,0,0,0,0,0,0,0,0,0,0,0,0,0,0,0,0,255,255,255
48,1,220,240,58,153,191,191,12,40,118,58,114,153,123,90,191,123,97,83,0,0,0,0,0,0,0,0,0,0,0,0,0,0,0,0,0,255,255,255
49,1,220,240,78,153,191,161,12,40,118,43,103,151,120,89,186,116,100,92,0,0,0,0,0,0,0,0,0,0,0,0,0,0,0,0,0,255,255,255
50,1,220,220,62,148,206,173,2,35,152,58,135,140,158,126,184,117,97,122,0,0,0,0,0,0,0,0,0,0,0,0,0,0,0,0,0,255,255,255
51,1,220,240,81,148,199,161,2,45,149,63,132,141,151,125,192,139,85,120,0,0,0,0,0,0,0,0,0,0,0,0,0,0,0,0,0,255,255,255
52,1,220,240,62,148,206,173,2,35,152,58,135,140,158,126,184,117,97,122,0,0,0,0,0,0,0,0,0,0,0,0,0,0,0,0,0,255,255,255
53,1,220,240,81,148,199,161,2,45,149,63,132,141,151,125,192,139,85,120,0,0,0,0,0,0,0,0,0,0,0,0,0,0,0,0,0,255,255,255
54,1,220,240,58,153,191,191,12,40,118,58,114,153,123,90,191,123,97,83,0,0,0,0,0,0,0,0,0,0,0,0,0,0,0,0,0,255,255,255
55,1,220,240,78,153,191,161,12,40,118,43,103,151,120,89,186,116,100,92,0,0,0,0,0,0,0,0,0,0,0,0,0,0,0,0,0,255,255,255
56,1,220,240,62,148,206,173,2,35,152,58,135,140,158,126,184,117,97,122,0,0,0,0,0,0,0,0,0,0,0,0,0,0,0,0,0,255,255,255
57,1,220,240,81,148,199,161,2,45,149,63,132,141,151,125,192,139,85,120,0,0,0,0,0,0,0,0,0,0,0,0,0,0,0,0,0,255,255,255
58,1,220,240,62,148,206,173,2,35,152,58,135,140,158,126,184,117,97,122,0,0,0,0,0,0,0,0,0,0,0,0,0,0,0,0,0,255,255,255
59,1,220,240,81,148,199,161,2,45,149,63,132,141,151,125,192,139,85,120,0,0,0,0,0,0,0,0,0,0,0,0,0,0,0,0,0,255,255,255
60,1,220,220,58,153,191,191,12,40,118,58,114,153,123,90,191,123,97,83,0,0,0,0,0,0,0,0,0,0,0,0,0,0,0,0,0,255,255,255
61,1,220,240,78,153,191,161,12,40,118,43,103,151,120,89,186,116,100,92,0,0,0,0,0,0,0,0,0,0,0,0,0,0,0,0,0,255,255,255
62,1,220,240,58,153,191,191,12,40,118,58,114,153,123,90,191,123,97,83,0,0,0,0,0,0,0,0,0,0,0,0,0,0,0,0,0,255,255,255
63,1,220,240,78,153,191,161,12,40,118,43,103,151,120,89,186,116,100,92,0,0,0,0,0,0,0,0,0,0,0,0,0,0,0,0,0,255,255,255
64,1,220,240,62,148,206,173,2,35,152,58,135,140,158,126,184,117,97,122,0,0,0,0,0,0,0,0,0,0,0,0,0,0,0,0,0,255,255,255
65,1,220,240,81,148,199,161,2,45,149,63,132,141,151,125,192,139,85,120,0,0,0,0,0,0,0,0,0,0,0,0,0,0,0,0,0,255,255,255
66,1,220,240,62,148,206,173,2,35,152,58,135,140,158,126,184,117,97,122,0,0,0,0,0,0,0,0,0,0,0,0,0,0,0,0,0,255,255,255
67,1,220,240,81,148,199,161,2,45,149,63,132,141,151,125,192,139,85,120,0,0,0,0,0,0,0,0,0,0,0,0,0,0,0,0,0,255,255,255
68,1,220,240,128,28,101,174,12,25,118,58,114,152,122,90,186,123,97,83,0,0,0,0,0,0,0,0,0,0,0,0,0,0,0,0,0,255,255,255
69,1,220,240,128,3,96,161,12,40,118,43,103,152,122,89,186,116,101,92,0,0,0,0,0,0,0,0,0,0,0,0,0,0,0,0,0,255,255,255
70,1,220,220,128,28,101,174,12,25,118,58,114,152,122,90,186,123,97,83,0,0,0,0,0,0,0,0,0,0,0,0,0,0,0,0,0,255,255,255
71,1,220,240,128,3,96,161,12,40,118,43,103,152,122,89,186,116,101,92,0,0,0,0,0,0,0,0,0,0,0,0,0,0,0,0,0,255,255,255
72,1,220,240,128,28,101,173,2,35,149,60,135,140,158,126,182,117,95,121,0,0,0,0,0,0,0,0,0,0,0,0,0,0,0,0,0,255,255,255
73,1,220,240,128,3,96,161,2,45,149,63,132,141,151,125,192,139,85,120,0,0,0,0,0,0,0,0,0,0,0,0,0,0,0,0,0,255,255,255
74,1,220,240,128,28,101,173,2,35,149,60,135,140,158,126,182,117,95,121,0,0,0,0,0,0,0,0,0,0,0,0,0,0,0,0,0,255,255,255
75,1,220,240,128,3,96,161,2,45,149,63,132,141,151,125,192,139,85,120,0,0,0,0,0,0,0,0,0,0,0,0,0,0,0,0,0,255,255,255
76,1,220,240,128,28,101,174,12,25,118,58,114,152,122,90,186,123,97,83,0,0,0,0,0,0,0,0,0,0,0,0,0,0,0,0,0,255,255,255
77,1,220,240,128,3,96,161,12,40,118,43,103,152,122,89,186,116,101,92,0,0,0,0,0,0,0,0,0,0,0,0,0,0,0,0,0,255,255,255
78,1,220,240,128,28,101,173,2,35,149,60,135,140,158,126,182,117,95,121,0,0,0,0,0,0,0,0,0,0,0,0,0,0,0,0,0,255,255,255
79,1,220,240,128,3,96,161,2,45,149,63,132,141,151,125,192,139,85,120,0,0,0,0,0,0,0,0,0,0,0,0,0,0,0,0,0,255,255,255
80,1,220,220,128,28,101,173,2,35,149,60,135,140,158,126,182,117,95,121,0,0,0,0,0,0,0,0,0,0,0,0,0,0,0,0,0,255,255,255
81,1,220,240,128,3,96,161,2,45,149,63,132,141,151,125,192,139,85,120,0,0,0,0,0,0,0,0,0,0,0,0,0,0,0,0,0,255,255,255
82,1,220,240,82,129,216,95,158,145,118,60,114,154,120,90,184,123,97,83,0,0,0,0,0,0,0,0,0,0,0,0,0,0,0,0,0,255,255,255
83,1,220,240,54,133,216,110,150,129,118,45,103,154,120,89,184,116,101,92,0,0,0,0,0,0,0,0,0,0,0,0,0,0,0,0,0,255,255,255
84,1,220,240,85,127,199,90,133,140,149,60,135,140,158,126,182,117,95,121,0,0,0,0,0,0,0,0,0,0,0,0,0,0,0,0,0,255,255,255
85,1,220,240,73,138,214,110,126,140,149,63,132,141,151,125,192,139,85,120,0,0,0,0,0,0,0,0,0,0,0,0,0,0,0,0,0,255,255,255
86,1,220,240,82,129,216,95,158,145,118,60,114,154,120,90,184,123,97,83,0,0,0,0,0,0,0,0,0,0,0,0,0,0,0,0,0,255,255,255
87,1,220,240,54,133,216,110,150,129,118,45,103,154,120,89,184,116,101,92,0,0,0,0,0,0,0,0,0,0,0,0,0,0,0,0,0,255,255,255
88,1,220,240,82,129,216,95,158,145,118,60,114,154,120,90,184,123,97,83,0,0,0,0,0,0,0,0,0,0,0,0,0,0,0,0,0,255,255,255
89,1,220,240,54,133,216,110,150,129,118,45,103,154,120,89,184,116,101,92,0,0,0,0,0,0,0,0,0,0,0,0,0,0,0,0,0,255,255,255
90,1,220,220,82,129,216,95,158,145,118,60,114,154,120,90,184,123,97,83,0,0,0,0,0,0,0,0,0,0,0,0,0,0,0,0,0,255,255,255
91,1,220,240,54,133,216,110,150,129,118,45,103,154,120,89,184,116,101,92,0,0,0,0,0,0,0,0,0,0,0,0,0,0,0,0,0,255,255,255
92,1,220,240,85,127,199,90,133,140,149,60,135,140,158,126,182,117,95,121,0,0,0,0,0,0,0,0,0,0,0,0,0,0,0,0,0,255,255,255
93,1,220,240,73,138,214,110,126,140,149,63,132,141,151,125,192,139,85,120,0,0,0,0,0,0,0,0,0,0,0,0,0,0,0,0,0,255,255,255
94,1,220,240,85,127,199,90,133,140,149,60,135,140,158,126,182,117,95,121,0,0,0,0,0,0,0,0,0,0,0,0,0,0,0,0,0,255,255,255
95,1,220,240,73,138,214,110,126,140,149,63,132,141,151,125,192,139,85,120,0,0,0,0,0,0,0,0,0,0,0,0,0,0,0,0,0,255,255,255
96,1,220,240,128,28,101,174,12,25,118,58,114,152,122,90,186,123,97,83,0,0,0,0,0,0,0,0,0,0,0,0,0,0,0,0,0,255,255,255
97,1,220,240,128,3,96,161,12,40,118,43,103,152,122,89,186,116,101,92,0,0,0,0,0,0,0,0,0,0,0,0,0,0,0,0,0,255,255,255
98,1,220,240,128,28,101,174,12,25,118,58,114,152,122,90,186,123,97,83,0,0,0,0,0,0,0,0,0,0,0,0,0,0,0,0,0,255,255,255
99,1,220,240,128,3,96,161,12,40,118,43,103,152,122,89,186,116,101,92,0,0,0,0,0,0,0,0,0,0,0,0,0,0,0,0,0,255,255,255
100,1,220,220,128,28,101,173,2,35,149,60,135,140,158,126,182,117,95,121,0,0,0,0,0,0,0,0,0,0,0,0,0,0,0,0,0,255,255,255
101,1,220,240,128,3,96,161,2,45,149,63,132,141,151,125,192,139,85,120,0,0,0,0,0,0,0,0,0,0,0,0,0,0,0,0,0,255,255,255
102,1,220,240,128,28,101,173,2,35,149,60,135,140,158,126,182,117,95,121,0,0,0,0,0,0,0,0,0,0,0,0,0,0,0,0,0,255,255,255
103,1,220,240,128,3,96,161,2,45,149,63,132,141,151,125,192,139,85,120,0,0,0,0,0,0,0,0,0,0,0,0,0,0,0,0,0,255,255,255
104,1,220,240,128,28,101,174,12,25,118,58,114,152,122,90,186,123,97,83,0,0,0,0,0,0,0,0,0,0,0,0,0,0,0,0,0,255,255,255
105,1,220,240,128,3,96,161,12,40,118,43,103,152,122,89,186,116,101,92,0,0,0,0,0,0,0,0,0,0,0,0,0,0,0,0,0,255,255,255
106,1,220,240,128,28,101,173,2,35,149,60,135,140,158,126,182,117,95,121,0,0,0,0,0,0,0,0,0,0,0,0,0,0,0,0,0,255,255,255
107,1,220,240,128,3,96,161,2,45,149,63,132,141,151,125,192,139,85,120,0,0,0,0,0,0,0,0,0,0,0,0,0,0,0,0,0,255,255,255
108,1,220,240,128,28,101,173,2,35,149,60,135,140,158,126,182,117,95,121,0,0,0,0,0,0,0,0,0,0,0,0,0,0,0,0,0,255,255,255
109,1,220,240,128,3,96,161,2,45,149,63,132,141,151,125,192,139,85,120,0,0,0,0,0,0,0,0,0,0,0,0,0,0,0,0,0,255,255,255
110,1,220,220,82,129,216,95,158,145,118,60,114,154,120,90,184,123,97,83,0,0,0,0,0,0,0,0,0,0,0,0,0,0,0,0,0,255,255,255
111,1,220,240,54,133,216,110,150,129,118,45,103,154,120,89,184,116,101,92,0,0,0,0,0,0,0,0,0,0,0,0,0,0,0,0,0,255,255,255
112,1,220,240,85,127,199,90,133,140,149,60,135,140,158,126,182,117,95,121,0,0,0,0,0,0,0,0,0,0,0,0,0,0,0,0,0,255,255,255
113,1,220,240,73,138,214,110,126,140,149,63,132,141,151,125,192,139,85,120,0,0,0,0,0,0,0,0,0,0,0,0,0,0,0,0,0,255,255,255
114,1,220,240,82,129,216,95,158,145,118,60,114,154,120,90,184,123,97,83,0,0,0,0,0,0,0,0,0,0,0,0,0,0,0,0,0,255,255,255
115,1,220,240,54,133,216,110,150,129,118,45,103,154,120,89,184,116,101,92,0,0,0,0,0,0,0,0,0,0,0,0,0,0,0,0,0,255,255,255
116,1,220,240,82,129,216,95,158,145,118,60,114,154,120,90,184,123,97,83,0,0,0,0,0,0,0,0,0,0,0,0,0,0,0,0,0,255,255,255
117,1,220,240,54,133,216,110,150,129,118,45,103,154,120,89,184,116,101,92,0,0,0,0,0,0,0,0,0,0,0,0,0,0,0,0,0,255,255,255
118,1,220,240,82,129,216,95,158,145,118,60,114,154,120,90,184,123,97,83,0,0,0,0,0,0,0,0,0,0,0,0,0,0,0,0,0,255,255,255
119,1,220,240,54,133,216,110,150,129,118,45,103,154,120,89,184,116,101,92,0,0,0,0,0,0,0,0,0,0,0,0,0,0,0,0,0,255,255,255
120,1,220,220,85,127,199,90,133,140,149,60,135,140,158,126,182,117,95,121,0,0,0,0,0,0,0,0,0,0,0,0,0,0,0,0,0,255,255,255
121,1,220,240,73,138,214,110,126,140,149,63,132,141,151,125,192,139,85,120,0,0,0,0,0,0,0,0,0,0,0,0,0,0,0,0,0,255,255,255
122,1,220,240,85,127,199,90,133,140,149,60,135,140,158,126,182,117,95,121,0,0,0,0,0,0,0,0,0,0,0,0,0,0,0,0,0,255,255,255
123,1,220,240,73,138,214,110,126,140,149,63,132,141,151,125,192,139,85,120,0,0,0,0,0,0,0,0,0,0,0,0,0,0,0,0,0,255,255,255
124,1,980,1000,70,148,199,110,139,146,121,91,200,110,120,120,148,41,130,121,0,0,0,0,0,0,0,0,0,0,0,0,0,0,0,0,0,255,255,255
125,1,440,460,134,118,174,110,50,67,120,100,200,110,120,120,140,40,130,120,0,0,0,0,0,0,0,0,0,0,0,0,0,0,0,0,0,255,255,255
126,1,440,460,134,118,174,110,50,67,120,100,200,110,120,120,140,40,130,120,0,0,0,0,0,0,0,0,0,0,0,0,0,0,0,0,0,255,255,255
127,1,440,460,57,144,139,109,22,100,120,100,200,111,120,120,138,42,128,120,0,0,0,0,0,0,0,0,0,0,0,0,0,0,0,0,0,255,255,255
128,1,440,460,131,144,139,187,17,100,120,100,200,110,120,120,140,40,130,120,0,0,0,0,0,0,0,0,0,0,0,0,0,0,0,0,0,255,255,255
129,1,220,220,57,144,139,187,23,100,120,100,200,110,120,120,140,44,130,120,0,0,0,0,0,0,0,0,0,0,0,0,0,0,0,0,0,255,255,255
130,1,220,220,93,144,195,140,22,48,120,79,209,89,120,120,161,38,144,120,0,0,0,0,0,0,0,0,0,0,0,0,0,0,0,0,0,255,255,255
131,1,220,240,57,144,139,187,23,100,120,100,200,110,120,120,140,44,130,120,0,0,0,0,0,0,0,0,0,0,0,0,0,0,0,0,0,255,255,255
132,1,220,220,93,144,195,140,22,48,120,79,209,89,120,120,161,38,144,120,0,0,0,0,0,0,0,0,0,0,0,0,0,0,0,0,0,255,255,255
133,1,220,240,57,144,139,187,23,100,120,100,200,110,120,120,140,44,130,120,0,0,0,0,0,0,0,0,0,0,0,0,0,0,0,0,0,255,255,255
134,1,220,220,93,144,195,140,22,48,120,79,209,89,120,120,161,38,144,120,0,0,0,0,0,0,0,0,0,0,0,0,0,0,0,0,0,255,255,255
135,1,220,220,134,118,174,110,50,67,120,100,200,110,120,120,140,40,130,120,0,0,0,0,0,0,0,0,0,0,0,0,0,0,0,0,0,255,255,255
136,1,220,240,130,28,123,167,17,38,120,100,200,110,120,120,140,43,130,120,0,0,0,0,0,0,0,0,0,0,0,0,0,0,0,0,0,255,255,255
137,1,220,220,130,7,95,195,17,24,120,100,200,110,120,120,140,44,127,120,0,0,0,0,0,0,0,0,0,0,0,0,0,0,0,0,0,255,255,255
138,1,220,240,130,28,123,167,17,38,120,100,200,110,120,120,140,43,130,120,0,0,0,0,0,0,0,0,0,0,0,0,0,0,0,0,0,255,255,255
139,1,220,220,130,7,95,195,17,24,120,100,200,110,120,120,140,44,127,120,0,0,0,0,0,0,0,0,0,0,0,0,0,0,0,0,0,255,255,255
140,1,220,220,69,151,194,110,122,118,120,100,200,110,120,120,140,45,126,120,0,0,0,0,0,0,0,0,0,0,0,0,0,0,0,0,0,255,255,255
141,1,220,240,60,151,194,110,146,148,120,100,200,110,120,120,140,41,130,120,0,0,0,0,0,0,0,0,0,0,0,0,0,0,0,0,0,255,255,255
142,1,220,220,69,151,194,110,122,118,120,100,200,110,120,120,140,45,126,120,0,0,0,0,0,0,0,0,0,0,0,0,0,0,0,0,0,255,255,255
143,1,220,240,60,151,194,110,146,148,120,100,200,110,120,120,140,41,130,120,0,0,0,0,0,0,0,0,0,0,0,0,0,0,0,0,0,255,255,255
144,1,220,220,130,28,123,167,17,38,120,100,200,110,120,120,140,43,130,120,0,0,0,0,0,0,0,0,0,0,0,0,0,0,0,0,0,255,255,255
145,1,220,220,130,7,95,195,17,24,120,100,200,110,120,120,140,44,127,120,0,0,0,0,0,0,0,0,0,0,0,0,0,0,0,0,0,255,255,255
146,1,220,240,130,28,123,167,17,38,120,100,200,110,120,120,140,43,130,120,0,0,0,0,0,0,0,0,0,0,0,0,0,0,0,0,0,255,255,255
147,1,220,220,130,7,95,195,17,24,120,100,200,110,120,120,140,44,127,120,0,0,0,0,0,0,0,0,0,0,0,0,0,0,0,0,0,255,255,255
148,1,220,240,69,151,194,110,122,118,120,100,200,110,120,120,140,45,126,120,0,0,0,0,0,0,0,0,0,0,0,0,0,0,0,0,0,255,255,255
149,1,220,220,60,151,194,110,146,148,120,100,200,110,120,120,140,41,130,120,0,0,0,0,0,0,0,0,0,0,0,0,0,0,0,0,0,255,255,255
150,1,220,220,69,151,194,110,122,118,120,100,200,110,120,120,140,45,126,120,0,0,0,0,0,0,0,0,0,0,0,0,0,0,0,0,0,255,255,255
151,1,220,240,60,151,194,110,146,148,120,100,200,110,120,120,140,41,130,120,0,0,0,0,0,0,0,0,0,0,0,0,0,0,0,0,0,255,255,255
152,1,220,220,107,147,141,140,17,102,120,100,200,110,120,120,140,42,127,120,0,0,0,0,0,0,0,0,0,0,0,0,0,0,0,0,0,255,255,255
153,1,220,240,107,134,181,130,22,57,120,100,200,110,120,120,140,40,130,120,0,0,0,0,0,0,0,0,0,0,0,0,0,0,0,0,0,255,255,255
154,1,220,220,81,148,141,164,12,102,120,100,200,110,120,120,140,41,130,120,0,0,0,0,0,0,0,0,0,0,0,0,0,0,0,0,0,255,255,255
155,1,220,220,80,149,185,164,17,56,120,100,200,110,120,120,140,40,130,120,0,0,0,0,0,0,0,0,0,0,0,0,0,0,0,0,0,255,255,255
156,1,220,240,54,149,141,190,12,102,120,100,200,110,120,120,140,42,130,120,0,0,0,0,0,0,0,0,0,0,0,0,0,0,0,0,0,255,255,255
157,1,220,220,54,149,192,190,12,41,120,100,200,110,120,120,140,39,130,120,0,0,0,0,0,0,0,0,0,0,0,0,0,0,0,0,0,255,255,255
158,1,220,240,59,150,141,190,4,102,120,100,200,110,120,120,140,42,130,120,0,0,0,0,0,0,0,0,0,0,0,0,0,0,0,0,0,255,255,255
159,1,220,220,107,147,141,140,17,102,120,100,200,110,120,120,140,42,127,120,0,0,0,0,0,0,0,0,0,0,0,0,0,0,0,0,0,255,255,255
160,1,220,220,107,134,181,130,22,57,120,100,200,110,120,120,140,40,130,120,0,0,0,0,0,0,0,0,0,0,0,0,0,0,0,0,0,255,255,255
161,1,220,240,81,148,141,164,12,102,120,100,200,110,120,120,140,41,130,120,0,0,0,0,0,0,0,0,0,0,0,0,0,0,0,0,0,255,255,255
162,1,220,220,80,149,185,164,17,56,120,100,200,110,120,120,140,40,130,120,0,0,0,0,0,0,0,0,0,0,0,0,0,0,0,0,0,255,255,255
163,1,220,240,54,149,141,190,12,102,120,100,200,110,120,120,140,42,130,120,0,0,0,0,0,0,0,0,0,0,0,0,0,0,0,0,0,255,255,255
164,1,220,220,54,149,192,190,12,41,120,100,200,110,120,120,140,39,130,120,0,0,0,0,0,0,0,0,0,0,0,0,0,0,0,0,0,255,255,255
165,1,220,220,59,150,141,190,4,102,120,100,200,110,120,120,140,42,130,120,0,0,0,0,0,0,0,0,0,0,0,0,0,0,0,0,0,255,255,255
166,1,220,240,69,151,194,110,122,118,120,100,200,110,120,120,140,45,126,120,0,0,0,0,0,0,0,0,0,0,0,0,0,0,0,0,0,255,255,255
167,1,220,220,60,151,194,110,146,148,120,100,200,110,120,120,140,41,130,120,0,0,0,0,0,0,0,0,0,0,0,0,0,0,0,0,0,255,255,255
168,1,220,240,69,151,194,110,122,118,120,100,200,110,120,120,140,45,126,120,0,0,0,0,0,0,0,0,0,0,0,0,0,0,0,0,0,255,255,255
169,1,220,220,60,151,194,110,146,148,120,100,200,110,120,120,140,41,130,120,0,0,0,0,0,0,0,0,0,0,0,0,0,0,0,0,0,255,255,255
170,1,220,220,134,147,139,110,17,100,120,100,200,110,120,120,140,40,130,120,0,0,0,0,0,0,0,0,0,0,0,0,0,0,0,0,0,255,255,255
171,1,220,240,134,102,139,115,61,100,120,100,200,110,130,120,140,43,129,110,0,0,0,0,0,0,0,0,0,0,0,0,0,0,0,0,0,255,255,255
172,1,220,220,134,147,139,110,17,100,120,100,200,110,120,120,140,40,130,120,0,0,0,0,0,0,0,0,0,0,0,0,0,0,0,0,0,255,255,255
173,1,220,240,134,102,139,115,61,100,120,100,200,110,130,120,140,43,129,110,0,0,0,0,0,0,0,0,0,0,0,0,0,0,0,0,0,255,255,255
174,1,220,220,134,147,139,110,17,100,120,100,200,110,120,120,140,40,130,120,0,0,0,0,0,0,0,0,0,0,0,0,0,0,0,0,0,255,255,255
175,1,220,220,134,102,139,115,61,100,120,100,200,110,130,120,140,43,129,110,0,0,0,0,0,0,0,0,0,0,0,0,0,0,0,0,0,255,255,255
176,1,220,240,134,147,139,110,17,100,120,100,200,110,120,120,140,40,130,120,0,0,0,0,0,0,0,0,0,0,0,0,0,0,0,0,0,255,255,255
177,1,220,220,134,102,139,115,61,100,120,100,200,110,130,120,140,43,129,110,0,0,0,0,0,0,0,0,0,0,0,0,0,0,0,0,0,255,255,255
178,1,220,240,134,147,139,110,17,100,120,100,200,110,120,120,140,40,130,120,0,0,0,0,0,0,0,0,0,0,0,0,0,0,0,0,0,255,255,255
179,1,220,220,134,102,139,115,61,100,120,100,200,110,130,120,140,43,129,110,0,0,0,0,0,0,0,0,0,0,0,0,0,0,0,0,0,255,255,255
180,1,220,220,130,0,139,110,161,100,121,100,200,110,120,121,140,42,129,119,0,0,0,0,0,0,0,0,0,0,0,0,0,0,0,0,0,255,255,255
181,1,220,240,130,60,63,110,108,170,120,100,200,110,120,120,140,44,128,120,0,0,0,0,0,0,0,0,0,0,0,0,0,0,0,0,0,255,255,255
182,1,220,220,130,0,139,110,161,100,121,100,200,110,120,121,140,42,129,119,0,0,0,0,0,0,0,0,0,0,0,0,0,0,0,0,0,255,255,255
183,1,220,240,130,60,63,110,108,170,120,100,200,110,120,120,140,44,128,120,0,0,0,0,0,0,0,0,0,0,0,0,0,0,0,0,0,255,255,255
184,1,440,460,130,0,137,110,180,110,130,100,200,110,130,124,136,38,130,122,0,0,0,0,0,0,0,0,0,0,0,0,0,0,0,0,0,255,255,255
185,1,440,440,130,53,71,110,117,162,113,100,200,110,114,110,140,43,130,110,0,0,0,0,0,0,0,0,0,0,0,0,0,0,0,0,0,255,255,255
186,1,440,460,130,0,137,110,180,110,130,100,200,110,130,124,136,38,130,122,0,0,0,0,0,0,0,0,0,0,0,0,0,0,0,0,0,255,255,255
187,1,440,460,130,53,71,110,117,162,113,100,200,110,114,110,140,43,130,110,0,0,0,0,0,0,0,0,0,0,0,0,0,0,0,0,0,255,255,255
188,1,440,460,130,0,137,110,180,110,130,100,200,110,130,124,136,38,130,122,0,0,0,0,0,0,0,0,0,0,0,0,0,0,0,0,0,255,255,255
189,1,440,460,130,53,71,110,117,162,113,100,200,110,114,110,140,43,130,110,0,0,0,0,0,0,0,0,0,0,0,0,0,0,0,0,0,255,255,255
190,1,220,220,48,147,139,110,8,100,120,100,200,110,120,120,140,42,130,120,0,0,0,0,0,0,0,0,0,0,0,0,0,0,0,0,0,255,255,255
191,1,220,240,126,144,139,193,7,100,120,100,200,110,120,120,140,43,130,120,0,0,0,0,0,0,0,0,0,0,0,0,0,0,0,0,0,255,255,255
192,1,220,220,48,147,139,110,8,100,120,100,200,110,120,120,140,42,130,120,0,0,0,0,0,0,0,0,0,0,0,0,0,0,0,0,0,255,255,255
193,1,220,240,126,144,139,193,7,100,120,100,200,110,120,120,140,43,130,120,0,0,0,0,0,0,0,0,0,0,0,0,0,0,0,0,0,255,255,255
194,1,220,220,48,147,139,110,8,100,120,100,200,110,120,120,140,42,130,120,0,0,0,0,0,0,0,0,0,0,0,0,0,0,0,0,0,255,255,255
195,1,220,220,126,144,139,193,7,100,120,100,200,110,120,120,140,43,130,120,0,0,0,0,0,0,0,0,0,0,0,0,0,0,0,0,0,255,255,255
196,1,220,240,48,147,139,110,8,100,120,100,200,110,120,120,140,42,130,120,0,0,0,0,0,0,0,0,0,0,0,0,0,0,0,0,0,255,255,255
197,1,220,220,126,144,139,193,7,100,120,100,200,110,120,120,140,43,130,120,0,0,0,0,0,0,0,0,0,0,0,0,0,0,0,0,0,255,255,255
198,1,220,460,132,146,139,117,25,100,120,100,200,110,120,120,140,42,130,120,0,0,0,0,0,0,0,0,0,0,0,0,0,0,0,0,0,255,255,255
199,1,220,460,132,146,139,187,12,100,120,100,200,110,120,120,140,42,130,120,0,0,0,0,0,0,0,0,0,0,0,0,0,0,0,0,0,255,255,255
200,1,220,460,132,146,139,187,90,100,120,100,200,110,120,120,140,42,130,120,0,0,0,0,0,0,0,0,0,0,0,0,0,0,0,0,0,255,255,255
201,1,220,460,56,146,139,187,90,100,120,100,200,110,120,120,140,40,130,120,0,0,0,0,0,0,0,0,0,0,0,0,0,0,0,0,0,255,255,255
202,1,220,460,132,146,139,117,25,100,120,100,200,110,120,120,140,42,130,120,0,0,0,0,0,0,0,0,0,0,0,0,0,0,0,0,0,255,255,255
203,1,220,460,132,146,139,187,12,100,120,100,200,110,120,120,140,42,130,120,0,0,0,0,0,0,0,0,0,0,0,0,0,0,0,0,0,255,255,255
204,1,220,460,132,146,139,187,90,100,120,100,200,110,120,120,140,42,130,120,0,0,0,0,0,0,0,0,0,0,0,0,0,0,0,0,0,255,255,255
205,1,220,440,56,146,139,187,90,100,120,100,200,110,120,120,140,40,130,120,0,0,0,0,0,0,0,0,0,0,0,0,0,0,0,0,0,255,255,255
206,1,440,460,130,0,137,110,180,110,130,100,200,110,130,124,136,38,130,122,0,0,0,0,0,0,0,0,0,0,0,0,0,0,0,0,0,255,255,255
207,1,440,460,130,53,71,110,117,162,113,100,200,110,114,110,140,43,130,110,0,0,0,0,0,0,0,0,0,0,0,0,0,0,0,0,0,255,255,255
208,1,440,460,130,0,137,110,180,110,130,100,200,110,130,124,136,38,130,122,0,0,0,0,0,0,0,0,0,0,0,0,0,0,0,0,0,255,255,255
209,1,440,460,130,53,71,110,117,162,113,100,200,110,114,110,140,43,130,110,0,0,0,0,0,0,0,0,0,0,0,0,0,0,0,0,0,255,255,255
210,1,440,460,130,0,137,110,180,110,130,100,200,110,130,124,136,38,130,122,0,0,0,0,0,0,0,0,0,0,0,0,0,0,0,0,0,255,255,255
211,1,440,460,130,53,71,110,117,162,113,100,200,110,114,110,140,43,130,110,0,0,0,0,0,0,0,0,0,0,0,0,0,0,0,0,0,255,255,255
212,1,440,460,130,0,137,110,180,110,130,100,200,110,130,124,136,38,130,122,0,0,0,0,0,0,0,0,0,0,0,0,0,0,0,0,0,255,255,255
213,1,440,460,130,53,71,110,117,162,113,100,200,110,114,110,140,43,130,110,0,0,0,0,0,0,0,0,0,0,0,0,0,0,0,0,0,255,255,255
214,1,220,460,61,120,139,110,149,100,120,100,200,110,120,120,140,42,130,120,0,0,0,0,0,0,0,0,0,0,0,0,0,0,0,0,0,255,255,255
215,1,220,440,48,69,139,110,149,100,120,100,200,110,120,120,140,43,130,120,0,0,0,0,0,0,0,0,0,0,0,0,0,0,0,0,0,255,255,255
216,1,220,240,107,147,141,140,17,102,120,100,200,110,120,120,140,42,127,120,0,0,0,0,0,0,0,0,0,0,0,0,0,0,0,0,0,255,255,255
217,1,220,220,107,134,181,130,22,57,120,100,200,110,120,120,140,40,130,120,0,0,0,0,0,0,0,0,0,0,0,0,0,0,0,0,0,255,255,255
218,1,220,240,81,148,141,164,12,102,120,100,200,110,120,120,140,41,130,120,0,0,0,0,0,0,0,0,0,0,0,0,0,0,0,0,0,255,255,255
219,1,220,220,80,149,185,164,17,56,120,100,200,110,120,120,140,40,130,120,0,0,0,0,0,0,0,0,0,0,0,0,0,0,0,0,0,255,255,255
220,1,220,220,54,149,141,190,12,102,120,100,200,110,120,120,140,42,130,120,0,0,0,0,0,0,0,0,0,0,0,0,0,0,0,0,0,255,255,255
221,1,220,240,54,149,192,190,12,41,120,100,200,110,120,120,140,39,130,120,0,0,0,0,0,0,0,0,0,0,0,0,0,0,0,0,0,255,255,255
222,1,220,220,59,150,141,190,4,102,120,100,200,110,120,120,140,42,130,120,0,0,0,0,0,0,0,0,0,0,0,0,0,0,0,0,0,255,255,255
223,1,1380,1400,129,29,174,113,53,144,120,74,161,125,120,120,160,78,115,120,0,0,0,0,0,0,0,0,0,0,0,0,0,0,0,0,0,255,255,255
224,1,1380,1380,130,80,117,113,98,75,120,74,161,125,120,120,160,78,115,120,0,0,0,0,0,0,0,0,0,0,0,0,0,0,0,0,0,255,255,255
225,1,1380,1400,130,120,87,108,142,57,120,69,161,125,120,120,171,78,115,120,0,0,0,0,0,0,0,0,0,0,0,0,0,0,0,0,0,255,255,255
226,1,60,880,130,8,142,110,160,97,120,69,161,125,120,120,171,78,115,120,0,0,0,0,0,0,0,0,0,0,0,0,0,0,0,0,0,255,255,255
227,1,220,220,45,118,174,109,58,66,120,69,161,125,120,120,171,78,115,120,0,0,0,0,0,0,0,0,0,0,0,0,0,0,0,0,0,255,255,255
228,1,220,240,92,118,174,108,58,65,120,69,161,125,120,120,171,76,115,120,0,0,0,0,0,0,0,0,0,0,0,0,0,0,0,0,0,255,255,255
229,1,220,220,45,118,174,109,58,66,120,69,161,125,120,120,171,78,115,120,0,0,0,0,0,0,0,0,0,0,0,0,0,0,0,0,0,255,255,255
230,1,220,240,92,118,174,108,58,65,120,69,161,125,120,120,171,76,115,120,0,0,0,0,0,0,0,0,0,0,0,0,0,0,0,0,0,255,255,255
231,1,60,880,130,8,142,110,160,97,120,69,161,125,120,120,171,78,115,120,0,0,0,0,0,0,0,0,0,0,0,0,0,0,0,0,0,255,255,255
232,1,1380,1380,129,29,174,113,53,144,120,74,161,125,120,120,160,78,115,120,0,0,0,0,0,0,0,0,0,0,0,0,0,0,0,0,0,255,255,255
233,1,1380,1400,130,80,117,113,98,75,120,74,161,125,120,120,160,78,115,120,0,0,0,0,0,0,0,0,0,0,0,0,0,0,0,0,0,255,255,255
234,1,1380,1380,130,120,87,108,142,57,120,69,161,125,120,120,171,78,115,120,0,0,0,0,0,0,0,0,0,0,0,0,0,0,0,0,0,255,255,255
235,1,220,240,45,118,174,109,58,66,120,69,161,125,120,120,171,78,115,120,0,0,0,0,0,0,0,0,0,0,0,0,0,0,0,0,0,255,255,255
236,1,220,220,92,118,174,108,58,65,120,69,161,125,120,120,171,76,115,120,0,0,0,0,0,0,0,0,0,0,0,0,0,0,0,0,0,255,255,255
237,1,60,900,130,8,142,110,160,97,120,69,161,125,120,120,171,78,115,120,0,0,0,0,0,0,0,0,0,0,0,0,0,0,0,0,0,255,255,255
238,1,220,220,45,118,174,109,58,66,120,69,161,125,120,120,171,78,115,120,0,0,0,0,0,0,0,0,0,0,0,0,0,0,0,0,0,255,255,255
239,1,220,220,92,118,174,108,58,65,120,69,161,125,120,120,171,76,115,120,0,0,0,0,0,0,0,0,0,0,0,0,0,0,0,0,0,255,255,255
240,1,220,240,45,118,174,109,58,66,120,69,161,125,120,120,171,78,115,120,0,0,0,0,0,0,0,0,0,0,0,0,0,0,0,0,0,255,255,255
241,1,220,220,92,118,174,108,58,65,120,69,161,125,120,120,171,76,115,120,0,0,0,0,0,0,0,0,0,0,0,0,0,0,0,0,0,255,255,255
242,1,60,880,130,8,142,110,160,97,120,69,161,125,120,120,171,78,115,120,0,0,0,0,0,0,0,0,0,0,0,0,0,0,0,0,0,255,255,255
243,1,440,460,57,144,139,109,22,100,120,100,200,111,120,120,138,42,128,120,0,0,0,0,0,0,0,0,0,0,0,0,0,0,0,0,0,255,255,255
244,1,440,460,131,144,139,187,17,100,120,100,200,110,120,120,140,40,130,120,0,0,0,0,0,0,0,0,0,0,0,0,0,0,0,0,0,255,255,255
245,1,440,460,57,144,139,109,22,100,120,100,200,111,120,120,138,42,128,120,0,0,0,0,0,0,0,0,0,0,0,0,0,0,0,0,0,255,255,255
246,1,440,460,131,144,139,187,17,100,120,100,200,110,120,120,140,40,130,120,0,0,0,0,0,0,0,0,0,0,0,0,0,0,0,0,0,255,255,255
247,1,220,220,48,118,174,109,24,83,120,100,200,110,120,120,140,42,130,120,0,0,0,0,0,0,0,0,0,0,0,0,0,0,0,0,0,255,255,255
248,1,220,240,92,118,174,108,20,85,120,100,200,110,120,120,140,42,130,120,0,0,0,0,0,0,0,0,0,0,0,0,0,0,0,0,0,255,255,255
249,1,220,220,48,118,174,109,24,83,120,100,200,110,120,120,140,42,130,120,0,0,0,0,0,0,0,0,0,0,0,0,0,0,0,0,0,255,255,255
250,1,220,240,92,118,174,108,20,85,120,100,200,110,120,120,140,42,130,120,0,0,0,0,0,0,0,0,0,0,0,0,0,0,0,0,0,255,255,255
251,1,220,220,48,118,174,109,24,83,120,100,200,110,120,120,140,42,130,120,0,0,0,0,0,0,0,0,0,0,0,0,0,0,0,0,0,255,255,255
252,1,220,220,92,118,174,108,20,85,120,100,200,110,120,120,140,42,130,120,0,0,0,0,0,0,0,0,0,0,0,0,0,0,0,0,0,255,255,255
253,1,220,240,48,118,174,109,24,83,120,100,200,110,120,120,140,42,130,120,0,0,0,0,0,0,0,0,0,0,0,0,0,0,0,0,0,255,255,255
254,1,220,220,92,118,174,108,20,85,120,100,200,110,120,120,140,42,130,120,0,0,0,0,0,0,0,0,0,0,0,0,0,0,0,0,0,255,255,255
255,1,780,800,130,44,116,110,115,135,120,100,200,110,120,120,140,41,130,120,0,0,0,0,0,0,0,0,0,0,0,0,0,0,0,0,0,255,255,255
256,1,80,100,130,44,157,110,130,82,120,100,200,110,120,120,140,41,130,120,0,0,0,0,0,0,0,0,0,0,0,0,0,0,0,0,0,255,255,255
257,1,80,100,130,44,116,110,130,135,120,100,200,110,120,120,140,39,130,120,0,0,0,0,0,0,0,0,0,0,0,0,0,0,0,0,0,255,255,255
258,1,80,100,138,44,187,110,131,54,120,100,200,110,120,120,140,40,130,120,0,0,0,0,0,0,0,0,0,0,0,0,0,0,0,0,0,255,255,255
259,1,80,100,130,44,116,110,120,135,120,100,200,110,120,120,140,40,130,120,0,0,0,0,0,0,0,0,0,0,0,0,0,0,0,0,0,255,255,255
260,1,80,100,130,44,157,110,134,59,120,100,200,110,120,120,140,40,130,120,0,0,0,0,0,0,0,0,0,0,0,0,0,0,0,0,0,255,255,255
261,1,80,100,130,44,116,110,119,135,120,100,200,110,120,120,140,40,130,120,0,0,0,0,0,0,0,0,0,0,0,0,0,0,0,0,0,255,255,255
262,1,80,80,130,44,157,110,129,59,120,100,200,110,120,120,140,39,130,120,0,0,0,0,0,0,0,0,0,0,0,0,0,0,0,0,0,255,255,255
263,1,80,100,130,44,116,110,119,135,120,100,200,110,120,120,140,40,130,120,0,0,0,0,0,0,0,0,0,0,0,0,0,0,0,0,0,255,255,255
264,1,80,100,130,44,182,110,124,64,120,100,200,110,120,120,140,39,130,120,0,0,0,0,0,0,0,0,0,0,0,0,0,0,0,0,0,255,255,255
265,1,80,100,130,44,172,110,137,59,120,100,200,110,120,120,140,39,130,120,0,0,0,0,0,0,0,0,0,0,0,0,0,0,0,0,0,255,255,255
266,1,80,100,130,44,116,110,122,129,120,100,200,110,120,120,140,40,130,120,0,0,0,0,0,0,0,0,0,0,0,0,0,0,0,0,0,255,255,255
267,1,80,100,130,34,187,110,140,54,120,100,200,110,120,120,140,40,130,120,0,0,0,0,0,0,0,0,0,0,0,0,0,0,0,0,0,255,255,255
268,1,80,100,130,44,116,110,119,135,120,100,200,110,120,120,140,40,130,120,0,0,0,0,0,0,0,0,0,0,0,0,0,0,0,0,0,255,255,255
269,1,80,100,130,44,157,110,124,72,120,100,200,110,120,120,140,40,130,120,0,0,0,0,0,0,0,0,0,0,0,0,0,0,0,0,0,255,255,255
270,1,1360,1380,134,118,174,110,50,67,120,69,161,125,120,120,171,78,115,120,0,0,0,0,0,0,0,0,0,0,0,0,0,0,0,0,0,255,255,255
271,1,880,1100,134,118,174,110,50,67,120,69,161,125,120,120,171,78,115,120,0,0,0,0,0,0,0,0,0,0,0,0,0,0,0,0,0,255,255,255
272,1,220,220,45,118,174,109,58,66,120,69,161,125,120,120,171,78,115,120,0,0,0,0,0,0,0,0,0,0,0,0,0,0,0,0,0,255,255,255
273,1,220,220,92,118,174,108,58,65,120,69,161,125,120,120,171,76,115,120,0,0,0,0,0,0,0,0,0,0,0,0,0,0,0,0,0,255,255,255
274,1,220,240,45,118,174,109,58,66,120,69,161,125,120,120,171,78,115,120,0,0,0,0,0,0,0,0,0,0,0,0,0,0,0,0,0,255,255,255
275,1,220,220,92,118,174,108,58,65,120,69,161,125,120,120,171,76,115,120,0,0,0,0,0,0,0,0,0,0,0,0,0,0,0,0,0,255,255,255
276,1,220,240,58,153,191,191,12,40,118,58,114,153,123,90,191,123,97,83,0,0,0,0,0,0,0,0,0,0,0,0,0,0,0,0,0,255,255,255
277,1,220,240,78,153,191,161,12,40,118,43,103,151,120,89,186,116,100,92,0,0,0,0,0,0,0,0,0,0,0,0,0,0,0,0,0,255,255,255
278,1,220,240,58,153,191,191,12,40,118,58,114,153,123,90,191,123,97,83,0,0,0,0,0,0,0,0,0,0,0,0,0,0,0,0,0,255,255,255
279,1,220,240,78,153,191,161,12,40,118,43,103,151,120,89,186,116,100,92,0,0,0,0,0,0,0,0,0,0,0,0,0,0,0,0,0,255,255,255
280,1,220,240,62,148,206,173,2,35,152,58,135,140,158,126,184,117,97,122,0,0,0,0,0,0,0,0,0,0,0,0,0,0,0,0,0,255,255,255
281,1,220,240,81,148,199,161,2,45,149,63,132,141,151,125,192,139,85,120,0,0,0,0,0,0,0,0,0,0,0,0,0,0,0,0,0,255,255,255
282,1,220,220,62,148,206,173,2,35,152,58,135,140,158,126,184,117,97,122,0,0,0,0,0,0,0,0,0,0,0,0,0,0,0,0,0,255,255,255
283,1,220,240,81,148,199,161,2,45,149,63,132,141,151,125,192,139,85,120,0,0,0,0,0,0,0,0,0,0,0,0,0,0,0,0,0,255,255,255
284,1,220,240,58,153,191,191,12,40,118,58,114,153,123,90,191,123,97,83,0,0,0,0,0,0,0,0,0,0,0,0,0,0,0,0,0,255,255,255
285,1,220,240,78,153,191,161,12,40,118,43,103,151,120,89,186,116,100,92,0,0,0,0,0,0,0,0,0,0,0,0,0,0,0,0,0,255,255,255
286,1,220,240,62,148,206,173,2,35,152,58,135,140,158,126,184,117,97,122,0,0,0,0,0,0,0,0,0,0,0,0,0,0,0,0,0,255,255,255
287,1,220,240,81,148,199,161,2,45,149,63,132,141,151,125,192,139,85,120,0,0,0,0,0,0,0,0,0,0,0,0,0,0,0,0,0,255,255,255
288,1,220,240,62,148,206,173,2,35,152,58,135,140,158,126,184,117,97,122,0,0,0,0,0,0,0,0,0,0,0,0,0,0,0,0,0,255,255,255
289,1,220,240,81,148,199,161,2,45,149,63,132,141,151,125,192,139,85,120,0,0,0,0,0,0,0,0,0,0,0,0,0,0,0,0,0,255,255,255
290,1,220,240,58,153,191,191,12,40,118,58,114,153,123,90,191,123,97,83,0,0,0,0,0,0,0,0,0,0,0,0,0,0,0,0,0,255,255,255
291,1,220,240,78,153,191,161,12,40,118,43,103,151,120,89,186,116,100,92,0,0,0,0,0,0,0,0,0,0,0,0,0,0,0,0,0,255,255,255
292,1,220,220,58,153,191,191,12,40,118,58,114,153,123,90,191,123,97,83,0,0,0,0,0,0,0,0,0,0,0,0,0,0,0,0,0,255,255,255
293,1,220,240,78,153,191,161,12,40,118,43,103,151,120,89,186,116,100,92,0,0,0,0,0,0,0,0,0,0,0,0,0,0,0,0,0,255,255,255
294,1,220,240,62,148,206,173,2,35,152,58,135,140,158,126,184,117,97,122,0,0,0,0,0,0,0,0,0,0,0,0,0,0,0,0,0,255,255,255
295,1,220,240,81,148,199,161,2,45,149,63,132,141,151,125,192,139,85,120,0,0,0,0,0,0,0,0,0,0,0,0,0,0,0,0,0,255,255,255
296,1,220,240,62,148,206,173,2,35,152,58,135,140,158,126,184,117,97,122,0,0,0,0,0,0,0,0,0,0,0,0,0,0,0,0,0,255,255,255
297,1,220,240,81,148,199,161,2,45,149,63,132,141,151,125,192,139,85,120,0,0,0,0,0,0,0,0,0,0,0,0,0,0,0,0,0,255,255,255
298,1,220,240,58,153,191,191,12,40,118,58,114,153,123,90,191,123,97,83,0,0,0,0,0,0,0,0,0,0,0,0,0,0,0,0,0,255,255,255
299,1,220,240,78,153,191,161,12,40,118,43,103,151,120,89,186,116,100,92,0,0,0,0,0,0,0,0,0,0,0,0,0,0,0,0,0,255,255,255
300,1,220,240,62,148,206,173,2,35,152,58,135,140,158,126,184,117,97,122,0,0,0,0,0,0,0,0,0,0,0,0,0,0,0,0,0,255,255,255
301,1,220,240,81,148,199,161,2,45,149,63,132,141,151,125,192,139,85,120,0,0,0,0,0,0,0,0,0,0,0,0,0,0,0,0,0,255,255,255
302,1,220,220,62,148,206,173,2,35,152,58,135,140,158,126,184,117,97,122,0,0,0,0,0,0,0,0,0,0,0,0,0,0,0,0,0,255,255,255
303,1,220,240,81,148,199,161,2,45,149,63,132,141,151,125,192,139,85,120,0,0,0,0,0,0,0,0,0,0,0,0,0,0,0,0,0,255,255,255
304,1,220,240,58,153,191,191,12,40,118,58,114,153,123,90,191,123,97,83,0,0,0,0,0,0,0,0,0,0,0,0,0,0,0,0,0,255,255,255
305,1,220,240,78,153,191,161,12,40,118,43,103,151,120,89,186,116,100,92,0,0,0,0,0,0,0,0,0,0,0,0,0,0,0,0,0,255,255,255
306,1,220,240,58,153,191,191,12,40,118,58,114,153,123,90,191,123,97,83,0,0,0,0,0,0,0,0,0,0,0,0,0,0,0,0,0,255,255,255
307,1,220,240,78,153,191,161,12,40,118,43,103,151,120,89,186,116,100,92,0,0,0,0,0,0,0,0,0,0,0,0,0,0,0,0,0,255,255,255
308,1,220,240,62,148,206,173,2,35,152,58,135,140,158,126,184,117,97,122,0,0,0,0,0,0,0,0,0,0,0,0,0,0,0,0,0,255,255,255
309,1,220,240,81,148,199,161,2,45,149,63,132,141,151,125,192,139,85,120,0,0,0,0,0,0,0,0,0,0,0,0,0,0,0,0,0,255,255,255
310,1,220,240,62,148,206,173,2,35,152,58,135,140,158,126,184,117,97,122,0,0,0,0,0,0,0,0,0,0,0,0,0,0,0,0,0,255,255,255
311,1,220,240,81,148,199,161,2,45,149,63,132,141,151,125,192,139,85,120,0,0,0,0,0,0,0,0,0,0,0,0,0,0,0,0,0,255,255,255
312,1,220,220,58,153,191,191,12,40,118,58,114,153,123,90,191,123,97,83,0,0,0,0,0,0,0,0,0,0,0,0,0,0,0,0,0,255,255,255
313,1,220,240,78,153,191,161,12,40,118,43,103,151,120,89,186,116,100,92,0,0,0,0,0,0,0,0,0,0,0,0,0,0,0,0,0,255,255,255
314,1,220,240,62,148,206,173,2,35,152,58,135,140,158,126,184,117,97,122,0,0,0,0,0,0,0,0,0,0,0,0,0,0,0,0,0,255,255,255
315,1,220,240,81,148,199,161,2,45,149,63,132,141,151,125,192,139,85,120,0,0,0,0,0,0,0,0,0,0,0,0,0,0,0,0,0,255,255,255
316,1,220,240,62,148,206,173,2,35,152,58,135,140,158,126,184,117,97,122,0,0,0,0,0,0,0,0,0,0,0,0,0,0,0,0,0,255,255,255
317,1,220,240,81,148,199,161,2,45,149,63,132,141,151,125,192,139,85,120,0,0,0,0,0,0,0,0,0,0,0,0,0,0,0,0,0,255,255,255
318,1,220,240,58,153,191,191,12,40,118,58,114,153,123,90,191,123,97,83,0,0,0,0,0,0,0,0,0,0,0,0,0,0,0,0,0,255,255,255
319,1,220,240,78,153,191,161,12,40,118,43,103,151,120,89,186,116,100,92,0,0,0,0,0,0,0,0,0,0,0,0,0,0,0,0,0,255,255,255
320,1,220,240,58,153,191,191,12,40,118,58,114,153,123,90,191,123,97,83,0,0,0,0,0,0,0,0,0,0,0,0,0,0,0,0,0,255,255,255
321,1,220,240,78,153,191,161,12,40,118,43,103,151,120,89,186,116,100,92,0,0,0,0,0,0,0,0,0,0,0,0,0,0,0,0,0,255,255,255
322,1,220,220,62,148,206,173,2,35,152,58,135,140,158,126,184,117,97,122,0,0,0,0,0,0,0,0,0,0,0,0,0,0,0,0,0,255,255,255
323,1,220,240,81,148,199,161,2,45,149,63,132,141,151,125,192,139,85,120,0,0,0,0,0,0,0,0,0,0,0,0,0,0,0,0,0,255,255,255
324,1,220,240,62,148,206,173,2,35,152,58,135,140,158,126,184,117,97,122,0,0,0,0,0,0,0,0,0,0,0,0,0,0,0,0,0,255,255,255
325,1,220,240,81,148,199,161,2,45,149,63,132,141,151,125,192,139,85,120,0,0,0,0,0,0,0,0,0,0,0,0,0,0,0,0,0,255,255,255
326,1,220,240,58,153,191,191,12,40,118,58,114,153,123,90,191,123,97,83,0,0,0,0,0,0,0,0,0,0,0,0,0,0,0,0,0,255,255,255
327,1,220,240,78,153,191,161,12,40,118,43,103,151,120,89,186,116,100,92,0,0,0,0,0,0,0,0,0,0,0,0,0,0,0,0,0,255,255,255
328,1,220,240,62,148,206,173,2,35,152,58,135,140,158,126,184,117,97,122,0,0,0,0,0,0,0,0,0,0,0,0,0,0,0,0,0,255,255,255
329,1,220,240,81,148,199,161,2,45,149,63,132,141,151,125,192,139,85,120,0,0,0,0,0,0,0,0,0,0,0,0,0,0,0,0,0,255,255,255
330,1,220,240,62,148,206,173,2,35,152,58,135,140,158,126,184,117,97,122,0,0,0,0,0,0,0,0,0,0,0,0,0,0,0,0,0,255,255,255
331,1,220,240,81,148,199,161,2,45,149,63,132,141,151,125,192,139,85,120,0,0,0,0,0,0,0,0,0,0,0,0,0,0,0,0,0,255,255,255
332,1,220,220,58,153,191,191,12,40,118,58,114,153,123,90,191,123,97,83,0,0,0,0,0,0,0,0,0,0,0,0,0,0,0,0,0,255,255,255
333,1,220,240,78,153,191,161,12,40,118,43,103,151,120,89,186,116,100,92,0,0,0,0,0,0,0,0,0,0,0,0,0,0,0,0,0,255,255,255
334,1,220,240,58,153,191,191,12,40,118,58,114,153,123,90,191,123,97,83,0,0,0,0,0,0,0,0,0,0,0,0,0,0,0,0,0,255,255,255
335,1,220,240,78,153,191,161,12,40,118,43,103,151,120,89,186,116,100,92,0,0,0,0,0,0,0,0,0,0,0,0,0,0,0,0,0,255,255,255
336,1,220,240,62,148,206,173,2,35,152,58,135,140,158,126,184,117,97,122,0,0,0,0,0,0,0,0,0,0,0,0,0,0,0,0,0,255,255,255
337,1,220,240,81,148,199,161,2,45,149,63,132,141,151,125,192,139,85,120,0,0,0,0,0,0,0,0,0,0,0,0,0,0,0,0,0,255,255,255
338,1,220,240,62,148,206,173,2,35,152,58,135,140,158,126,184,117,97,122,0,0,0,0,0,0,0,0,0,0,0,0,0,0,0,0,0,255,255,255
339,1,220,240,81,148,199,161,2,45,149,63,132,141,151,125,192,139,85,120,0,0,0,0,0,0,0,0,0,0,0,0,0,0,0,0,0,255,255,255
340,1,220,240,128,28,101,174,12,25,118,58,114,152,122,90,186,123,97,83,0,0,0,0,0,0,0,0,0,0,0,0,0,0,0,0,0,255,255,255
341,1,220,240,128,3,96,161,12,40,118,43,103,152,122,89,186,116,101,92,0,0,0,0,0,0,0,0,0,0,0,0,0,0,0,0,0,255,255,255
342,1,220,220,128,28,101,174,12,25,118,58,114,152,122,90,186,123,97,83,0,0,0,0,0,0,0,0,0,0,0,0,0,0,0,0,0,255,255,255
343,1,220,240,128,3,96,161,12,40,118,43,103,152,122,89,186,116,101,92,0,0,0,0,0,0,0,0,0,0,0,0,0,0,0,0,0,255,255,255
344,1,220,240,128,28,101,173,2,35,149,60,135,140,158,126,182,117,95,121,0,0,0,0,0,0,0,0,0,0,0,0,0,0,0,0,0,255,255,255
345,1,220,240,128,3,96,161,2,45,149,63,132,141,151,125,192,139,85,120,0,0,0,0,0,0,0,0,0,0,0,0,0,0,0,0,0,255,255,255
346,1,220,240,128,28,101,173,2,35,149,60,135,140,158,126,182,117,95,121,0,0,0,0,0,0,0,0,0,0,0,0,0,0,0,0,0,255,255,255
347,1,220,240,128,3,96,161,2,45,149,63,132,141,151,125,192,139,85,120,0,0,0,0,0,0,0,0,0,0,0,0,0,0,0,0,0,255,255,255
348,1,220,240,128,28,101,174,12,25,118,58,114,152,122,90,186,123,97,83,0,0,0,0,0,0,0,0,0,0,0,0,0,0,0,0,0,255,255,255
349,1,220,240,128,3,96,161,12,40,118,43,103,152,122,89,186,116,101,92,0,0,0,0,0,0,0,0,0,0,0,0,0,0,0,0,0,255,255,255
350,1,220,240,128,28,101,173,2,35,149,60,135,140,158,126,182,117,95,121,0,0,0,0,0,0,0,0,0,0,0,0,0,0,0,0,0,255,255,255
351,1,220,240,128,3,96,161,2,45,149,63,132,141,151,125,192,139,85,120,0,0,0,0,0,0,0,0,0,0,0,0,0,0,0,0,0,255,255,255
352,1,220,220,128,28,101,173,2,35,149,60,135,140,158,126,182,117,95,121,0,0,0,0,0,0,0,0,0,0,0,0,0,0,0,0,0,255,255,255
353,1,220,240,128,3,96,161,2,45,149,63,132,141,151,125,192,139,85,120,0,0,0,0,0,0,0,0,0,0,0,0,0,0,0,0,0,255,255,255
354,1,220,240,82,129,216,95,158,145,118,60,114,154,120,90,184,123,97,83,0,0,0,0,0,0,0,0,0,0,0,0,0,0,0,0,0,255,255,255
355,1,220,240,54,133,216,110,150,129,118,45,103,154,120,89,184,116,101,92,0,0,0,0,0,0,0,0,0,0,0,0,0,0,0,0,0,255,255,255
356,1,220,240,85,127,199,90,133,140,149,60,135,140,158,126,182,117,95,121,0,0,0,0,0,0,0,0,0,0,0,0,0,0,0,0,0,255,255,255
357,1,220,240,73,138,214,110,126,140,149,63,132,141,151,125,192,139,85,120,0,0,0,0,0,0,0,0,0,0,0,0,0,0,0,0,0,255,255,255
358,1,220,240,82,129,216,95,158,145,118,60,114,154,120,90,184,123,97,83,0,0,0,0,0,0,0,0,0,0,0,0,0,0,0,0,0,255,255,255
359,1,220,240,54,133,216,110,150,129,118,45,103,154,120,89,184,116,101,92,0,0,0,0,0,0,0,0,0,0,0,0,0,0,0,0,0,255,255,255
360,1,220,240,82,129,216,95,158,145,118,60,114,154,120,90,184,123,97,83,0,0,0,0,0,0,0,0,0,0,0,0,0,0,0,0,0,255,255,255
361,1,220,240,54,133,216,110,150,129,118,45,103,154,120,89,184,116,101,92,0,0,0,0,0,0,0,0,0,0,0,0,0,0,0,0,0,255,255,255
362,1,220,220,82,129,216,95,158,145,118,60,114,154,120,90,184,123,97,83,0,0,0,0,0,0,0,0,0,0,0,0,0,0,0,0,0,255,255,255
363,1,220,240,54,133,216,110,150,129,118,45,103,154,120,89,184,116,101,92,0,0,0,0,0,0,0,0,0,0,0,0,0,0,0,0,0,255,255,255
364,1,220,240,85,127,199,90,133,140,149,60,135,140,158,126,182,117,95,121,0,0,0,0,0,0,0,0,0,0,0,0,0,0,0,0,0,255,255,255
365,1,220,240,73,138,214,110,126,140,149,63,132,141,151,125,192,139,85,120,0,0,0,0,0,0,0,0,0,0,0,0,0,0,0,0,0,255,255,255
366,1,220,240,85,127,199,90,133,140,149,60,135,140,158,126,182,117,95,121,0,0,0,0,0,0,0,0,0,0,0,0,0,0,0,0,0,255,255,255
367,1,220,240,73,138,214,110,126,140,149,63,132,141,151,125,192,139,85,120,0,0,0,0,0,0,0,0,0,0,0,0,0,0,0,0,0,255,255,255
368,1,220,240,128,28,101,174,12,25,118,58,114,152,122,90,186,123,97,83,0,0,0,0,0,0,0,0,0,0,0,0,0,0,0,0,0,255,255,255
369,1,220,240,128,3,96,161,12,40,118,43,103,152,122,89,186,116,101,92,0,0,0,0,0,0,0,0,0,0,0,0,0,0,0,0,0,255,255,255
370,1,220,240,128,28,101,174,12,25,118,58,114,152,122,90,186,123,97,83,0,0,0,0,0,0,0,0,0,0,0,0,0,0,0,0,0,255,255,255
371,1,220,240,128,3,96,161,12,40,118,43,103,152,122,89,186,116,101,92,0,0,0,0,0,0,0,0,0,0,0,0,0,0,0,0,0,255,255,255
372,1,220,220,128,28,101,173,2,35,149,60,135,140,158,126,182,117,95,121,0,0,0,0,0,0,0,0,0,0,0,0,0,0,0,0,0,255,255,255
373,1,220,240,128,3,96,161,2,45,149,63,132,141,151,125,192,139,85,120,0,0,0,0,0,0,0,0,0,0,0,0,0,0,0,0,0,255,255,255
374,1,220,240,128,28,101,173,2,35,149,60,135,140,158,126,182,117,95,121,0,0,0,0,0,0,0,0,0,0,0,0,0,0,0,0,0,255,255,255
375,1,220,240,128,3,96,161,2,45,149,63,132,141,151,125,192,139,85,120,0,0,0,0,0,0,0,0,0,0,0,0,0,0,0,0,0,255,255,255
376,1,220,240,128,28,101,174,12,25,118,58,114,152,122,90,186,123,97,83,0,0,0,0,0,0,0,0,0,0,0,0,0,0,0,0,0,255,255,255
377,1,220,240,128,3,96,161,12,40,118,43,103,152,122,89,186,116,101,92,0,0,0,0,0,0,0,0,0,0,0,0,0,0,0,0,0,255,255,255
378,1,220,240,128,28,101,173,2,35,149,60,135,140,158,126,182,117,95,121,0,0,0,0,0,0,0,0,0,0,0,0,0,0,0,0,0,255,255,255
379,1,220,240,128,3,96,161,2,45,149,63,132,141,151,125,192,139,85,120,0,0,0,0,0,0,0,0,0,0,0,0,0,0,0,0,0,255,255,255
380,1,220,240,128,28,101,173,2,35,149,60,135,140,158,126,182,117,95,121,0,0,0,0,0,0,0,0,0,0,0,0,0,0,0,0,0,255,255,255
381,1,220,240,128,3,96,161,2,45,149,63,132,141,151,125,192,139,85,120,0,0,0,0,0,0,0,0,0,0,0,0,0,0,0,0,0,255,255,255
382,1,220,220,82,129,216,95,158,145,118,60,114,154,120,90,184,123,97,83,0,0,0,0,0,0,0,0,0,0,0,0,0,0,0,0,0,255,255,255
383,1,220,240,54,133,216,110,150,129,118,45,103,154,120,89,184,116,101,92,0,0,0,0,0,0,0,0,0,0,0,0,0,0,0,0,0,255,255,255
384,1,220,240,85,127,199,90,133,140,149,60,135,140,158,126,182,117,95,121,0,0,0,0,0,0,0,0,0,0,0,0,0,0,0,0,0,255,255,255
385,1,220,240,73,138,214,110,126,140,149,63,132,141,151,125,192,139,85,120,0,0,0,0,0,0,0,0,0,0,0,0,0,0,0,0,0,255,255,255
386,1,220,240,82,129,216,95,158,145,118,60,114,154,120,90,184,123,97,83,0,0,0,0,0,0,0,0,0,0,0,0,0,0,0,0,0,255,255,255
387,1,220,240,54,133,216,110,150,129,118,45,103,154,120,89,184,116,101,92,0,0,0,0,0,0,0,0,0,0,0,0,0,0,0,0,0,255,255,255
388,1,220,240,82,129,216,95,158,145,118,60,114,154,120,90,184,123,97,83,0,0,0,0,0,0,0,0,0,0,0,0,0,0,0,0,0,255,255,255
389,1,220,240,54,133,216,110,150,129,118,45,103,154,120,89,184,116,101,92,0,0,0,0,0,0,0,0,0,0,0,0,0,0,0,0,0,255,255,255
390,1,220,240,82,129,216,95,158,145,118,60,114,154,120,90,184,123,97,83,0,0,0,0,0,0,0,0,0,0,0,0,0,0,0,0,0,255,255,255
391,1,220,240,54,133,216,110,150,129,118,45,103,154,120,89,184,116,101,92,0,0,0,0,0,0,0,0,0,0,0,0,0,0,0,0,0,255,255,255
392,1,220,220,85,127,199,90,133,140,149,60,135,140,158,126,182,117,95,121,0,0,0,0,0,0,0,0,0,0,0,0,0,0,0,0,0,255,255,255
393,1,220,240,73,138,214,110,126,140,149,63,132,141,151,125,192,139,85,120,0,0,0,0,0,0,0,0,0,0,0,0,0,0,0,0,0,255,255,255
394,1,220,240,85,127,199,90,133,140,149,60,135,140,158,126,182,117,95,121,0,0,0,0,0,0,0,0,0,0,0,0,0,0,0,0,0,255,255,255
395,1,220,240,73,138,214,110,126,140,149,63,132,141,151,125,192,139,85,120,0,0,0,0,0,0,0,0,0,0,0,0,0,0,0,0,0,255,255,255
396,1,980,1000,70,148,199,110,139,146,121,91,200,110,120,120,148,41,130,121,0,0,0,0,0,0,0,0,0,0,0,0,0,0,0,0,0,255,255,255
397,1,780,800,87,149,201,113,140,132,120,100,200,110,120,120,140,45,127,120,0,0,0,0,0,0,0,0,0,0,0,0,0,0,0,0,0,255,255,255
398,1,780,800,130,120,171,110,32,83,120,100,200,110,120,120,140,45,127,120,0,0,0,0,0,0,0,0,0,0,0,0,0,0,0,0,0,255,255,255
399,1,780,800,159,120,171,153,46,83,120,68,201,99,120,120,176,44,138,120,0,0,0,0,0,0,0,0,0,0,0,0,0,0,0,0,0,255,255,255
400,1,780,800,160,125,191,153,17,33,120,68,201,99,120,120,176,44,138,120,0,0,0,0,0,0,0,0,0,0,0,0,0,0,0,0,0,255,255,255
401,1,1200,1200,130,120,171,110,32,83,120,94,200,110,120,120,146,44,130,120,0,0,0,0,0,0,0,0,0,0,0,0,0,0,0,0,0,255,255,255
